{"cameraMode":{"drawMode":0,"name":"Shaded","section":"Shading Mode"},"sceneLighting":false,"audioPlay":false,"sceneViewState":{"showFog":true,"showMaterialUpdate":false,"showSkybox":true,"showFlares":true,"showImageEffects":true,"showParticleSystems":true},"in2DMode":false,"pivot":{"x":-0.9466944932937622,"y":1.3689337968826295,"z":-4.980180740356445},"rotation":{"x":0.1800883412361145,"y":0.816632091999054,"z":-0.426080584526062,"w":0.34516000747680666},"size":1.538063883781433,"orthographic":false}